CREATE DATABASE  IF NOT EXISTS `student_app_db` /*!40100 DEFAULT CHARACTER SET utf8 */;
USE `student_app_db`;
-- MySQL dump 10.13  Distrib 5.7.17, for macos10.12 (x86_64)
--
-- Host: 127.0.0.1    Database: student_app_db
-- ------------------------------------------------------
-- Server version	5.7.21

/*!40101 SET @OLD_CHARACTER_SET_CLIENT=@@CHARACTER_SET_CLIENT */;
/*!40101 SET @OLD_CHARACTER_SET_RESULTS=@@CHARACTER_SET_RESULTS */;
/*!40101 SET @OLD_COLLATION_CONNECTION=@@COLLATION_CONNECTION */;
/*!40101 SET NAMES utf8 */;
/*!40103 SET @OLD_TIME_ZONE=@@TIME_ZONE */;
/*!40103 SET TIME_ZONE='+00:00' */;
/*!40014 SET @OLD_UNIQUE_CHECKS=@@UNIQUE_CHECKS, UNIQUE_CHECKS=0 */;
/*!40014 SET @OLD_FOREIGN_KEY_CHECKS=@@FOREIGN_KEY_CHECKS, FOREIGN_KEY_CHECKS=0 */;
/*!40101 SET @OLD_SQL_MODE=@@SQL_MODE, SQL_MODE='NO_AUTO_VALUE_ON_ZERO' */;
/*!40111 SET @OLD_SQL_NOTES=@@SQL_NOTES, SQL_NOTES=0 */;

--
-- Table structure for table `role`
--

DROP TABLE IF EXISTS `role`;
/*!40101 SET @saved_cs_client     = @@character_set_client */;
/*!40101 SET character_set_client = utf8 */;
CREATE TABLE `role` (
  `role_id` int(11) NOT NULL,
  `role_name` varchar(45) DEFAULT NULL,
  PRIMARY KEY (`role_id`)
) ENGINE=InnoDB DEFAULT CHARSET=utf8;
/*!40101 SET character_set_client = @saved_cs_client */;

--
-- Dumping data for table `role`
--

LOCK TABLES `role` WRITE;
/*!40000 ALTER TABLE `role` DISABLE KEYS */;
INSERT INTO `role` VALUES (1,'student'),(2,'teacher'),(3,'institute');
/*!40000 ALTER TABLE `role` ENABLE KEYS */;
UNLOCK TABLES;

--
-- Table structure for table `student`
--

DROP TABLE IF EXISTS `student`;
/*!40101 SET @saved_cs_client     = @@character_set_client */;
/*!40101 SET character_set_client = utf8 */;
CREATE TABLE `student` (
  `student_id` int(11) NOT NULL AUTO_INCREMENT,
  `student_first_name` varchar(45) DEFAULT NULL,
  `student_last_name` varchar(45) DEFAULT NULL,
  `student_department` varchar(45) DEFAULT NULL,
  `student_regno` varchar(45) DEFAULT NULL,
  `student_email` varchar(45) DEFAULT NULL,
  `student_gender` varchar(45) DEFAULT NULL,
  PRIMARY KEY (`student_id`)
) ENGINE=InnoDB AUTO_INCREMENT=52 DEFAULT CHARSET=utf8;
/*!40101 SET character_set_client = @saved_cs_client */;

--
-- Dumping data for table `student`
--

LOCK TABLES `student` WRITE;
/*!40000 ALTER TABLE `student` DISABLE KEYS */;
INSERT INTO `student` VALUES (1,'Sunil','Dhananjay','CSE','756100','sunil756100@cse.ssn.edu.in','M'),(2,'Arpitha','Vasan','CSE','756101','arpitha756101@cse.ssn.edu.in','F'),(3,'Malar','Ramesh','CSE','756102','malar756102@cse.ssn.edu.in','F'),(4,'Reena','Trusha','CSE','756103','reena756103@cse.ssn.edu.in','F'),(5,'Sneh','Vilok','CSE','756104','sneh76104@cse.ssn.edu.in','M'),(6,'Vineetha','Reddy','CSE','756105','vineetha76105@cse.ssn.edu.in','F'),(7,'Andhya','Meenakshi','CSE','756106','andhya756106@cse.ssn.edu.in','F'),(8,'Rajeev','Reddy','CSE','756107','rajeev756107@cse.ssn.edu.in','M'),(9,'Rochna','Udhayan','CSE','756108','rochna756108@cse.ssn.edu.in','F'),(10,'Abhi','Girsh','CSE','756109','abhi756109@cse.ssn.edu.in','M'),(11,'Dhivya','Giri','CSE','756110','dhivya756110@cse.ssn.edu.in','F'),(12,'Dhinaprabha','Sharma','CSE','756111','ash@yopmail.com','F'),(13,'Shyama','Venkat','CSE','756112','shyama756112@cse.ssn.edu.in','M'),(14,'Sujatha','Rathin','CSE','756113','sujatha756113@cse.ssn.edu.in','F'),(15,'Adhvathi','Raja','CSE','756114','adhvathi756114@cse.ssn.edu.in','F'),(16,'Sanjana','Omkar','CSE','756115','sanjana756115@cse.ssn.edu.in','F'),(17,'Kanjari','Rijesh','CSE','756116','kanjari756116@cse.ssn.edu.in','M'),(18,'Hardeep','Sukshma','CSE','756117','hardeep756117@cse.ssn.edu.in','M'),(19,'Vijay','Sreenath','CSE','756118','vijay756118@cse.ssn.edu.in','M'),(20,'Panini','Bakshi','CSE','756119','panini756119@cse.ssn.edu.in','F'),(21,'Geetika','Dheer','CSE','756120','geetika16032@cse.ssn.edu.in','F'),(22,'Arpit','Diwakar','CSE','756121','arpit756121@cse.ssn.edu.in','M'),(23,'Arjith','Singh','CSE','756122','arjith756122@cse.ssn.edu.in','M'),(24,'Chand','Parek','CSE','756123','chand756123@cse.ssn.edu.in','M'),(25,'Meegal','Abhuja','CSE','756124','meegal756124@cse.ssn.edu.in','F'),(26,'Jyothi','Kumar','CSE','756125','jyothi756125@cse.ssn.edu.in','F'),(27,'Uma','Patel','CSE','756126','uma756126@cse.ssn.edu.in','F'),(28,'Anu','Sreevaths','CSE','756127','anu756127@cse.ssn.edu.in','F'),(29,'Keshav','Reddy','CSE','756128','keshav756128@cse.ssn.edu.in','M'),(30,'Prashath','Mahesh','CSE','756129','prashath756129@cse.ssn.edu.in','M'),(31,'Adhithya','Takur','CSE','756130','adhithya756130@cse.ssn.edu.in','M'),(32,'Anurag','Panchak','CSE','756131','anurag756131@cse.ssn.edu.in','M'),(33,'Mohan','Malhothra','CSE','756132','mohan756132@cse.ssn.edu.in','M'),(34,'Yashav','Kashya','CSE','756133','yashav756133@cse.ssn.edu.in','M'),(35,'Palak','Chetty','CSE','756134','palak756134@cse.ssn.edu.in','M'),(36,'Priya','Pandey','CSE','756135','priya756135@cse.ssn.edu.in','F'),(37,'Jayanthi','Harish','CSE','756136','jayanthi756136@cse.ssn.edu.in','F'),(38,'Jayanth','Abhuja','CSE','756137','jayanth756137@cse.ssn.edu.in','M'),(39,'Mehal','Sharma','CSE','756138','mehal756138@cse.ssn.edu.in','F'),(40,'Ranjan','Ojha','CSE','756139','ranjan756139@cse.ssn.edu.in','M'),(41,'Sharath','Chandhra','CSE','756140','sharath756140@cse.ssn.edu.in','M'),(42,'Gowri','Jadhav','CSE','756141','gowri756141@cse.ssn.edu.in','F'),(43,'Lavanya','Gaur','CSE','756142','lavanya756142@cse.ssn.edu.in','F'),(44,'Krishnan','Vaknis','CSE','756143','krishnan756143@cse.ssn.edu.in','M'),(45,'Manas','Pandya','CSE','756144','manas756144@cse.ssn.edu.in','M'),(46,'Easwar','Bhave','CSE','756145','easwar756145@cse.ssn.edu.in','M'),(47,'Raghu','Muthu','CSE','756146','raghu756146@cse.ssn.edu.in','M'),(48,'Neha','Adhvani','CSE','756147','neha756147@cse.ssn.edu.in','F'),(49,'Meena','Upsani','CSE','756148','meena756148@cse.ssn.edu.in','F'),(50,'Seetha','Kumar','CSE','756149','seeths756149@cse.ssn.edu.in','F'),(51,'Parvathi','Rangava','CSE','756150','parvathi756150@cse.ssn.edu.in','F');
/*!40000 ALTER TABLE `student` ENABLE KEYS */;
UNLOCK TABLES;

--
-- Table structure for table `student_answers`
--

DROP TABLE IF EXISTS `student_answers`;
/*!40101 SET @saved_cs_client     = @@character_set_client */;
/*!40101 SET character_set_client = utf8 */;
CREATE TABLE `student_answers` (
  `id` int(11) NOT NULL AUTO_INCREMENT,
  `student_id` int(11) DEFAULT NULL,
  `question_id` int(11) DEFAULT NULL,
  `question_description` varchar(250) DEFAULT NULL,
  `question_answer` varchar(45) DEFAULT NULL,
  PRIMARY KEY (`id`)
) ENGINE=InnoDB AUTO_INCREMENT=256 DEFAULT CHARSET=utf8;
/*!40101 SET character_set_client = @saved_cs_client */;

--
-- Dumping data for table `student_answers`
--

LOCK TABLES `student_answers` WRITE;
/*!40000 ALTER TABLE `student_answers` DISABLE KEYS */;
INSERT INTO `student_answers` VALUES (1,10,1,'Does the idea of big data, algorithms thrill you?','no'),(2,10,2,'Are you interested in AI?','yes'),(3,10,3,'Does animation and drawing interest you?','yes'),(4,10,4,'Do you feel comfortable with software testing?','yes'),(5,10,5,'Is protection of systems from being hacked your vision?','yes'),(6,31,1,'Does the idea of big data, algorithms thrill you?',NULL),(7,31,2,'Are you interested in AI?',NULL),(8,31,3,'Does animation and drawing interest you?',NULL),(9,31,4,'Do you feel comfortable with software testing?',NULL),(10,31,5,'Is protection of systems from being hacked your vision?',NULL),(11,15,1,'Does the idea of big data, algorithms thrill you?',NULL),(12,15,2,'Are you interested in AI?',NULL),(13,15,3,'Does animation and drawing interest you?',NULL),(14,15,4,'Do you feel comfortable with software testing?',NULL),(15,15,5,'Is protection of systems from being hacked your vision?',NULL),(16,7,1,'Does the idea of big data, algorithms thrill you?',NULL),(17,7,2,'Are you interested in AI?',NULL),(18,7,3,'Does animation and drawing interest you?',NULL),(19,7,4,'Do you feel comfortable with software testing?',NULL),(20,7,5,'Is protection of systems from being hacked your vision?',NULL),(21,28,1,'Does the idea of big data, algorithms thrill you?','yes'),(22,28,2,'Are you interested in AI?','no'),(23,28,3,'Does animation and drawing interest you?','no'),(24,28,4,'Do you feel comfortable with software testing?','yes'),(25,28,5,'Is protection of systems from being hacked your vision?',NULL),(26,32,1,'Does the idea of big data, algorithms thrill you?','no'),(27,32,2,'Are you interested in AI?','yes'),(28,32,3,'Does animation and drawing interest you?','yes'),(29,32,4,'Do you feel comfortable with software testing?',NULL),(30,32,5,'Is protection of systems from being hacked your vision?',NULL),(31,23,1,'Does the idea of big data, algorithms thrill you?',NULL),(32,23,2,'Are you interested in AI?',NULL),(33,23,3,'Does animation and drawing interest you?',NULL),(34,23,4,'Do you feel comfortable with software testing?',NULL),(35,23,5,'Is protection of systems from being hacked your vision?',NULL),(36,22,1,'Does the idea of big data, algorithms thrill you?',NULL),(37,22,2,'Are you interested in AI?',NULL),(38,22,3,'Does animation and drawing interest you?',NULL),(39,22,4,'Do you feel comfortable with software testing?',NULL),(40,22,5,'Is protection of systems from being hacked your vision?',NULL),(41,2,1,'Does the idea of big data, algorithms thrill you?','no'),(42,2,2,'Are you interested in AI?','no'),(43,2,3,'Does animation and drawing interest you?','yes'),(44,2,4,'Do you feel comfortable with software testing?','yes'),(45,2,5,'Is protection of systems from being hacked your vision?','yes'),(46,24,1,'Does the idea of big data, algorithms thrill you?',NULL),(47,24,2,'Are you interested in AI?',NULL),(48,24,3,'Does animation and drawing interest you?',NULL),(49,24,4,'Do you feel comfortable with software testing?',NULL),(50,24,5,'Is protection of systems from being hacked your vision?',NULL),(51,12,1,'Does the idea of big data, algorithms thrill you?','no'),(52,12,2,'Are you interested in AI?','no'),(53,12,3,'Does animation and drawing interest you?','yes'),(54,12,4,'Do you feel comfortable with software testing?','yes'),(55,12,5,'Is protection of systems from being hacked your vision?',NULL),(56,11,1,'Does the idea of big data, algorithms thrill you?','yes'),(57,11,2,'Are you interested in AI?','yes'),(58,11,3,'Does animation and drawing interest you?','yes'),(59,11,4,'Do you feel comfortable with software testing?','yes'),(60,11,5,'Is protection of systems from being hacked your vision?','yes'),(61,46,1,'Does the idea of big data, algorithms thrill you?',NULL),(62,46,2,'Are you interested in AI?',NULL),(63,46,3,'Does animation and drawing interest you?',NULL),(64,46,4,'Do you feel comfortable with software testing?',NULL),(65,46,5,'Is protection of systems from being hacked your vision?',NULL),(66,42,1,'Does the idea of big data, algorithms thrill you?',NULL),(67,42,2,'Are you interested in AI?',NULL),(68,42,3,'Does animation and drawing interest you?',NULL),(69,42,4,'Do you feel comfortable with software testing?',NULL),(70,42,5,'Is protection of systems from being hacked your vision?',NULL),(71,18,1,'Does the idea of big data, algorithms thrill you?',NULL),(72,18,2,'Are you interested in AI?',NULL),(73,18,3,'Does animation and drawing interest you?',NULL),(74,18,4,'Do you feel comfortable with software testing?',NULL),(75,18,5,'Is protection of systems from being hacked your vision?',NULL),(76,38,1,'Does the idea of big data, algorithms thrill you?',NULL),(77,38,2,'Are you interested in AI?',NULL),(78,38,3,'Does animation and drawing interest you?',NULL),(79,38,4,'Do you feel comfortable with software testing?',NULL),(80,38,5,'Is protection of systems from being hacked your vision?',NULL),(81,37,1,'Does the idea of big data, algorithms thrill you?',NULL),(82,37,2,'Are you interested in AI?',NULL),(83,37,3,'Does animation and drawing interest you?',NULL),(84,37,4,'Do you feel comfortable with software testing?',NULL),(85,37,5,'Is protection of systems from being hacked your vision?',NULL),(86,26,1,'Does the idea of big data, algorithms thrill you?',NULL),(87,26,2,'Are you interested in AI?',NULL),(88,26,3,'Does animation and drawing interest you?',NULL),(89,26,4,'Do you feel comfortable with software testing?',NULL),(90,26,5,'Is protection of systems from being hacked your vision?',NULL),(91,17,1,'Does the idea of big data, algorithms thrill you?',NULL),(92,17,2,'Are you interested in AI?',NULL),(93,17,3,'Does animation and drawing interest you?',NULL),(94,17,4,'Do you feel comfortable with software testing?',NULL),(95,17,5,'Is protection of systems from being hacked your vision?',NULL),(96,29,1,'Does the idea of big data, algorithms thrill you?','no'),(97,29,2,'Are you interested in AI?','yes'),(98,29,3,'Does animation and drawing interest you?','yes'),(99,29,4,'Do you feel comfortable with software testing?','yes'),(100,29,5,'Is protection of systems from being hacked your vision?',NULL),(101,44,1,'Does the idea of big data, algorithms thrill you?','yes'),(102,44,2,'Are you interested in AI?','no'),(103,44,3,'Does animation and drawing interest you?','yes'),(104,44,4,'Do you feel comfortable with software testing?','no'),(105,44,5,'Is protection of systems from being hacked your vision?','yes'),(106,43,1,'Does the idea of big data, algorithms thrill you?',NULL),(107,43,2,'Are you interested in AI?',NULL),(108,43,3,'Does animation and drawing interest you?',NULL),(109,43,4,'Do you feel comfortable with software testing?',NULL),(110,43,5,'Is protection of systems from being hacked your vision?',NULL),(111,3,1,'Does the idea of big data, algorithms thrill you?','no'),(112,3,2,'Are you interested in AI?','no'),(113,3,3,'Does animation and drawing interest you?','yes'),(114,3,4,'Do you feel comfortable with software testing?',NULL),(115,3,5,'Is protection of systems from being hacked your vision?',NULL),(116,45,1,'Does the idea of big data, algorithms thrill you?',NULL),(117,45,2,'Are you interested in AI?',NULL),(118,45,3,'Does animation and drawing interest you?',NULL),(119,45,4,'Do you feel comfortable with software testing?',NULL),(120,45,5,'Is protection of systems from being hacked your vision?',NULL),(121,25,1,'Does the idea of big data, algorithms thrill you?','no'),(122,25,2,'Are you interested in AI?','yes'),(123,25,3,'Does animation and drawing interest you?','no'),(124,25,4,'Do you feel comfortable with software testing?',NULL),(125,25,5,'Is protection of systems from being hacked your vision?',NULL),(126,49,1,'Does the idea of big data, algorithms thrill you?',NULL),(127,49,2,'Are you interested in AI?',NULL),(128,49,3,'Does animation and drawing interest you?',NULL),(129,49,4,'Do you feel comfortable with software testing?',NULL),(130,49,5,'Is protection of systems from being hacked your vision?',NULL),(131,39,1,'Does the idea of big data, algorithms thrill you?',NULL),(132,39,2,'Are you interested in AI?',NULL),(133,39,3,'Does animation and drawing interest you?',NULL),(134,39,4,'Do you feel comfortable with software testing?',NULL),(135,39,5,'Is protection of systems from being hacked your vision?',NULL),(136,33,1,'Does the idea of big data, algorithms thrill you?',NULL),(137,33,2,'Are you interested in AI?',NULL),(138,33,3,'Does animation and drawing interest you?',NULL),(139,33,4,'Do you feel comfortable with software testing?',NULL),(140,33,5,'Is protection of systems from being hacked your vision?',NULL),(141,48,1,'Does the idea of big data, algorithms thrill you?',NULL),(142,48,2,'Are you interested in AI?',NULL),(143,48,3,'Does animation and drawing interest you?',NULL),(144,48,4,'Do you feel comfortable with software testing?',NULL),(145,48,5,'Is protection of systems from being hacked your vision?',NULL),(146,35,1,'Does the idea of big data, algorithms thrill you?',NULL),(147,35,2,'Are you interested in AI?',NULL),(148,35,3,'Does animation and drawing interest you?',NULL),(149,35,4,'Do you feel comfortable with software testing?',NULL),(150,35,5,'Is protection of systems from being hacked your vision?',NULL),(151,20,1,'Does the idea of big data, algorithms thrill you?',NULL),(152,20,2,'Are you interested in AI?',NULL),(153,20,3,'Does animation and drawing interest you?',NULL),(154,20,4,'Do you feel comfortable with software testing?',NULL),(155,20,5,'Is protection of systems from being hacked your vision?',NULL),(156,51,1,'Does the idea of big data, algorithms thrill you?',NULL),(157,51,2,'Are you interested in AI?',NULL),(158,51,3,'Does animation and drawing interest you?',NULL),(159,51,4,'Do you feel comfortable with software testing?',NULL),(160,51,5,'Is protection of systems from being hacked your vision?',NULL),(161,30,1,'Does the idea of big data, algorithms thrill you?',NULL),(162,30,2,'Are you interested in AI?',NULL),(163,30,3,'Does animation and drawing interest you?',NULL),(164,30,4,'Do you feel comfortable with software testing?',NULL),(165,30,5,'Is protection of systems from being hacked your vision?',NULL),(166,36,1,'Does the idea of big data, algorithms thrill you?',NULL),(167,36,2,'Are you interested in AI?',NULL),(168,36,3,'Does animation and drawing interest you?',NULL),(169,36,4,'Do you feel comfortable with software testing?',NULL),(170,36,5,'Is protection of systems from being hacked your vision?',NULL),(171,47,1,'Does the idea of big data, algorithms thrill you?',NULL),(172,47,2,'Are you interested in AI?',NULL),(173,47,3,'Does animation and drawing interest you?',NULL),(174,47,4,'Do you feel comfortable with software testing?',NULL),(175,47,5,'Is protection of systems from being hacked your vision?',NULL),(176,8,1,'Does the idea of big data, algorithms thrill you?',NULL),(177,8,2,'Are you interested in AI?',NULL),(178,8,3,'Does animation and drawing interest you?',NULL),(179,8,4,'Do you feel comfortable with software testing?',NULL),(180,8,5,'Is protection of systems from being hacked your vision?',NULL),(181,40,1,'Does the idea of big data, algorithms thrill you?',NULL),(182,40,2,'Are you interested in AI?',NULL),(183,40,3,'Does animation and drawing interest you?',NULL),(184,40,4,'Do you feel comfortable with software testing?',NULL),(185,40,5,'Is protection of systems from being hacked your vision?',NULL),(186,4,1,'Does the idea of big data, algorithms thrill you?','yes'),(187,4,2,'Are you interested in AI?','no'),(188,4,3,'Does animation and drawing interest you?','yes'),(189,4,4,'Do you feel comfortable with software testing?','yes'),(190,4,5,'Is protection of systems from being hacked your vision?',NULL),(191,9,1,'Does the idea of big data, algorithms thrill you?',NULL),(192,9,2,'Are you interested in AI?',NULL),(193,9,3,'Does animation and drawing interest you?',NULL),(194,9,4,'Do you feel comfortable with software testing?',NULL),(195,9,5,'Is protection of systems from being hacked your vision?',NULL),(196,16,1,'Does the idea of big data, algorithms thrill you?','yes'),(197,16,2,'Are you interested in AI?','no'),(198,16,3,'Does animation and drawing interest you?','no'),(199,16,4,'Do you feel comfortable with software testing?','no'),(200,16,5,'Is protection of systems from being hacked your vision?',NULL),(201,50,1,'Does the idea of big data, algorithms thrill you?',NULL),(202,50,2,'Are you interested in AI?',NULL),(203,50,3,'Does animation and drawing interest you?',NULL),(204,50,4,'Do you feel comfortable with software testing?',NULL),(205,50,5,'Is protection of systems from being hacked your vision?',NULL),(206,41,1,'Does the idea of big data, algorithms thrill you?',NULL),(207,41,2,'Are you interested in AI?',NULL),(208,41,3,'Does animation and drawing interest you?',NULL),(209,41,4,'Do you feel comfortable with software testing?',NULL),(210,41,5,'Is protection of systems from being hacked your vision?',NULL),(211,21,1,'Does the idea of big data, algorithms thrill you?','yes'),(212,21,2,'Are you interested in AI?','yes'),(213,21,3,'Does animation and drawing interest you?','no'),(214,21,4,'Do you feel comfortable with software testing?','yes'),(215,21,5,'Is protection of systems from being hacked your vision?',NULL),(216,13,1,'Does the idea of big data, algorithms thrill you?',NULL),(217,13,2,'Are you interested in AI?',NULL),(218,13,3,'Does animation and drawing interest you?',NULL),(219,13,4,'Do you feel comfortable with software testing?',NULL),(220,13,5,'Is protection of systems from being hacked your vision?',NULL),(221,5,1,'Does the idea of big data, algorithms thrill you?',NULL),(222,5,2,'Are you interested in AI?',NULL),(223,5,3,'Does animation and drawing interest you?',NULL),(224,5,4,'Do you feel comfortable with software testing?',NULL),(225,5,5,'Is protection of systems from being hacked your vision?',NULL),(226,14,1,'Does the idea of big data, algorithms thrill you?',NULL),(227,14,2,'Are you interested in AI?',NULL),(228,14,3,'Does animation and drawing interest you?',NULL),(229,14,4,'Do you feel comfortable with software testing?',NULL),(230,14,5,'Is protection of systems from being hacked your vision?',NULL),(231,1,1,'Does the idea of big data, algorithms thrill you?','yes'),(232,1,2,'Are you interested in AI?','yes'),(233,1,3,'Does animation and drawing interest you?','no'),(234,1,4,'Do you feel comfortable with software testing?','no'),(235,1,5,'Is protection of systems from being hacked your vision?','yes'),(236,27,1,'Does the idea of big data, algorithms thrill you?',NULL),(237,27,2,'Are you interested in AI?',NULL),(238,27,3,'Does animation and drawing interest you?',NULL),(239,27,4,'Do you feel comfortable with software testing?',NULL),(240,27,5,'Is protection of systems from being hacked your vision?',NULL),(241,19,1,'Does the idea of big data, algorithms thrill you?',NULL),(242,19,2,'Are you interested in AI?',NULL),(243,19,3,'Does animation and drawing interest you?',NULL),(244,19,4,'Do you feel comfortable with software testing?',NULL),(245,19,5,'Is protection of systems from being hacked your vision?',NULL),(246,6,1,'Does the idea of big data, algorithms thrill you?',NULL),(247,6,2,'Are you interested in AI?',NULL),(248,6,3,'Does animation and drawing interest you?',NULL),(249,6,4,'Do you feel comfortable with software testing?',NULL),(250,6,5,'Is protection of systems from being hacked your vision?',NULL),(251,34,1,'Does the idea of big data, algorithms thrill you?',NULL),(252,34,2,'Are you interested in AI?',NULL),(253,34,3,'Does animation and drawing interest you?',NULL),(254,34,4,'Do you feel comfortable with software testing?',NULL),(255,34,5,'Is protection of systems from being hacked your vision?',NULL);
/*!40000 ALTER TABLE `student_answers` ENABLE KEYS */;
UNLOCK TABLES;

--
-- Table structure for table `student_marks`
--

DROP TABLE IF EXISTS `student_marks`;
/*!40101 SET @saved_cs_client     = @@character_set_client */;
/*!40101 SET character_set_client = utf8 */;
CREATE TABLE `student_marks` (
  `id` int(11) NOT NULL AUTO_INCREMENT,
  `student_id` int(11) DEFAULT NULL,
  `subject_name` varchar(45) DEFAULT NULL,
  `subject_marks` varchar(45) DEFAULT NULL,
  `subject_code` int(11) DEFAULT NULL,
  `semester` int(11) DEFAULT NULL,
  PRIMARY KEY (`id`)
) ENGINE=InnoDB AUTO_INCREMENT=409 DEFAULT CHARSET=utf8;
/*!40101 SET character_set_client = @saved_cs_client */;

--
-- Dumping data for table `student_marks`
--

LOCK TABLES `student_marks` WRITE;
/*!40000 ALTER TABLE `student_marks` DISABLE KEYS */;
INSERT INTO `student_marks` VALUES (1,1,'dbms','13.0',101,1),(2,1,'os','10.0',102,1),(3,1,'algo','11.0',103,1),(4,1,'oops','10.0',104,1),(5,2,'dbms','93.0',101,1),(6,2,'os','92.0',102,1),(7,2,'algo','90',103,1),(8,2,'oops','96.0',104,1),(9,3,'dbms','77.0',101,1),(10,3,'os','73.0',102,1),(11,3,'algo','72.0',103,1),(12,3,'oops','74.0',104,1),(13,4,'dbms','75.0',101,1),(14,4,'os','76.0',102,1),(15,4,'algo','65.0',103,1),(16,4,'oops','78.0',104,1),(17,5,'dbms','79.0',101,1),(18,5,'os','76.0',102,1),(19,5,'algo','72.0',103,1),(20,5,'oops','74.0',104,1),(21,6,'dbms','83.0',101,1),(22,6,'os','65.0',102,1),(23,6,'algo','85.0',103,1),(24,6,'oops','81.0',104,1),(25,7,'dbms','76.0',101,1),(26,7,'os','71.0',102,1),(27,7,'algo','78.0',103,1),(28,7,'oops','75.0',104,1),(29,8,'dbms','74.0',101,1),(30,8,'os','77.0',102,1),(31,8,'algo','70.0',103,1),(32,8,'oops','72.0',104,1),(33,9,'dbms','81.0',101,1),(34,9,'os','79.0',102,1),(35,9,'algo','83.0',103,1),(36,9,'oops','78.0',104,1),(37,10,'dbms','77.0',101,1),(38,10,'os','75.0',102,1),(39,10,'algo','71.0',103,1),(40,10,'oops','73.0',104,1),(41,11,'dbms','79.0',101,1),(42,11,'os','71.0',102,1),(43,11,'algo','73.0',103,1),(44,11,'oops','77.0',104,1),(45,12,'dbms','83.0',101,1),(46,12,'os','78.0',102,1),(47,12,'algo','80.0',103,1),(48,12,'oops','82.0',104,1),(49,13,'dbms','73.0',101,1),(50,13,'os','79.0',102,1),(51,13,'algo','72.0',103,1),(52,13,'oops','80.0',104,1),(53,14,'dbms','81.0',101,1),(54,14,'os','88.0',102,1),(55,14,'algo','86.0',103,1),(56,14,'oops','80.0',104,1),(57,15,'dbms','90.0',101,1),(58,15,'os','93.0',102,1),(59,15,'algo','95.0',103,1),(60,15,'oops','94.0',104,1),(61,16,'dbms','89.0',101,1),(62,16,'os','72.0',102,1),(63,16,'algo','75.0',103,1),(64,16,'oops','73.0',104,1),(65,17,'dbms','78.0',101,1),(66,17,'os','72.0',102,1),(67,17,'algo','77.0',103,1),(68,17,'oops','74.0',104,1),(69,18,'dbms','74.0',101,1),(70,18,'os','77.0',102,1),(71,18,'algo','79.0',103,1),(72,18,'oops','71.0',104,1),(73,19,'dbms','70.0',101,1),(74,19,'os','74.0',102,1),(75,19,'algo','75.0',103,1),(76,19,'oops','73.0',104,1),(77,20,'dbms','18.0',101,1),(78,20,'os','10.0',102,1),(79,20,'algo','12.0',103,1),(80,20,'oops','9.0',104,1),(81,21,'dbms','73.0',101,1),(82,21,'os','72.0',102,1),(83,21,'algo','71.0',103,1),(84,21,'oops','70.0',104,1),(85,22,'dbms','79.0',101,1),(86,22,'os','81.0',102,1),(87,22,'algo','72.0',103,1),(88,22,'oops','75.0',104,1),(89,23,'dbms','79.0',101,1),(90,23,'os','74.0',102,1),(91,23,'algo','77.0',103,1),(92,23,'oops','73.0',104,1),(93,24,'dbms','70.0',101,1),(94,24,'os','72.0',102,1),(95,24,'algo','77.0',103,1),(96,24,'oops','71.0',104,1),(97,25,'dbms','89.0',101,1),(98,25,'os','92.0',102,1),(99,25,'algo','90.0',103,1),(100,25,'oops','91.0',104,1),(101,26,'dbms','80.0',101,1),(102,26,'os','79.0',102,1),(103,26,'algo','75.0',103,1),(104,26,'oops','73.0',104,1),(105,27,'dbms','79.0',101,1),(106,27,'os','74.0',102,1),(107,27,'algo','77.0',103,1),(108,27,'oops','71.0',104,1),(109,28,'dbms','77.0',101,1),(110,28,'os','71.0',102,1),(111,28,'algo','74.0',103,1),(112,28,'oops','78.0',104,1),(113,29,'dbms','82.0',101,1),(114,29,'os','80.0',102,1),(115,29,'algo','81.0',103,1),(116,29,'oops','84.0',104,1),(117,30,'dbms','10.0',101,1),(118,30,'os','13.0',102,1),(119,30,'algo','9.0',103,1),(120,30,'oops','8.0',104,1),(121,31,'dbms','77.0',101,1),(122,31,'os','78.0',102,1),(123,31,'algo','78.0',103,1),(124,31,'oops','79.0',104,1),(125,32,'dbms','81.0',101,1),(126,32,'os','84.0',102,1),(127,32,'algo','79.0',103,1),(128,32,'oops','80.0',104,1),(129,33,'dbms','86.0',101,1),(130,33,'os','80.0',102,1),(131,33,'algo','72.0',103,1),(132,33,'oops','70.0',104,1),(133,34,'dbms','70.0',101,1),(134,34,'os','73.0',102,1),(135,34,'algo','72.0',103,1),(136,34,'oops','75.0',104,1),(137,35,'dbms','94.0',101,1),(138,35,'os','93.0',102,1),(139,35,'algo','95.0',103,1),(140,35,'oops','96.0',104,1),(141,36,'dbms','79.0',101,1),(142,36,'os','74.0',102,1),(143,36,'algo','76.0',103,1),(144,36,'oops','79.0',104,1),(145,37,'dbms','79.0',101,1),(146,37,'os','73.0',102,1),(147,37,'algo','73.0',103,1),(148,37,'oops','72.0',104,1),(149,38,'dbms','78.0',101,1),(150,38,'os','77.0',102,1),(151,38,'algo','80.0',103,1),(152,38,'oops','79.0',104,1),(153,39,'dbms','80.0',101,1),(154,39,'os','81.0',102,1),(155,39,'algo','72.0',103,1),(156,39,'oops','75.0',104,1),(157,40,'dbms','10.0',101,1),(158,40,'os','9.0',102,1),(159,40,'algo','18.0',103,1),(160,40,'oops','20.0',104,1),(161,41,'dbms','91.0',101,1),(162,41,'os','92.0',102,1),(163,41,'algo','95.0',103,1),(164,41,'oops','96.0',104,1),(165,42,'dbms','75.0',101,1),(166,42,'os','70.0',102,1),(167,42,'algo','79.0',103,1),(168,42,'oops','78.0',104,1),(169,43,'dbms','79.0',101,1),(170,43,'os','70.0',102,1),(171,43,'algo','76.0',103,1),(172,43,'oops','77.0',104,1),(173,44,'dbms','77.0',101,1),(174,44,'os','73.0',102,1),(175,44,'algo','72.0',103,1),(176,44,'oops','74.0',104,1),(177,45,'dbms','89.0',101,1),(178,45,'os','91.0',102,1),(179,45,'algo','95.0',103,1),(180,45,'oops','96.0',104,1),(181,46,'dbms','75.0',101,1),(182,46,'os','76.0',102,1),(183,46,'algo','78.0',103,1),(184,46,'oops','70.0',104,1),(185,47,'dbms','71.0',101,1),(186,47,'os','77.0',102,1),(187,47,'algo','72.0',103,1),(188,47,'oops','70.0',104,1),(189,48,'dbms','74.0',101,1),(190,48,'os','76.0',102,1),(191,48,'algo','73.0',103,1),(192,48,'oops','71.0',104,1),(193,49,'dbms','80.0',101,1),(194,49,'os','72.0',102,1),(195,49,'algo','75.0',103,1),(196,49,'oops','79.0',104,1),(197,50,'dbms','6.0',101,1),(198,50,'os','12.0',102,1),(199,50,'algo','11.0',103,1),(200,50,'oops','20.0',104,1),(201,51,'dbms','70.0',101,1),(202,51,'os','73.0',102,1),(203,51,'algo','75.0',103,1),(204,51,'oops','78.0',104,1),(205,1,'data structures','13.0',201,2),(206,1,'data mining','18.0',202,2),(207,1,'networks','17.0',203,2),(208,1,'microprocessors','10.0',204,2),(209,2,'data structures','93.0',201,2),(210,2,'data mining','90.0',202,2),(211,2,'networks','90',203,2),(212,2,'microprocessors','96.0',204,2),(213,3,'data structures','77.0',201,2),(214,3,'data mining','73.0',202,2),(215,3,'networks','72.0',203,2),(216,3,'microprocessors','65.0',204,2),(217,4,'data structures','75.0',201,2),(218,4,'data mining','65.0',202,2),(219,4,'networks','72.0',203,2),(220,4,'microprocessors','71.0',204,2),(221,5,'data structures','76.0',201,2),(222,5,'data mining','65.0',202,2),(223,5,'networks','72.0',203,2),(224,5,'microprocessors','65.0',204,2),(225,6,'data structures','83.0',201,2),(226,6,'data mining','65.0',202,2),(227,6,'networks','85.0',203,2),(228,6,'microprocessors','81.0',204,2),(229,7,'data structures','65.0',201,2),(230,7,'data mining','71.0',202,2),(231,7,'networks','71.0',203,2),(232,7,'microprocessors','75.0',204,2),(233,8,'data structures','65.0',201,2),(234,8,'data mining','77.0',202,2),(235,8,'networks','65.0',203,2),(236,8,'microprocessors','72.0',204,2),(237,9,'data structures','81.0',201,2),(238,9,'data mining','76.0',202,2),(239,9,'networks','82.0',203,2),(240,9,'microprocessors','71.0',204,2),(241,10,'data structures','77.0',201,2),(242,10,'data mining','75.0',202,2),(243,10,'networks','71.0',203,2),(244,10,'microprocessors','73.0',204,2),(245,11,'data structures','76.0',201,2),(246,11,'data mining','71.0',202,2),(247,11,'networks','73.0',203,2),(248,11,'microprocessors','77.0',204,2),(249,12,'data structures','83.0',201,2),(250,12,'data mining','71.0',202,2),(251,12,'networks','80.0',203,2),(252,12,'microprocessors','76.0',204,2),(253,13,'data structures','73.0',201,2),(254,13,'data mining','76.0',202,2),(255,13,'networks','72.0',203,2),(256,13,'microprocessors','80.0',204,2),(257,14,'data structures','81.0',201,2),(258,14,'data mining','88.0',202,2),(259,14,'networks','86.0',203,2),(260,14,'microprocessors','80.0',204,2),(261,15,'data structures','90.0',201,2),(262,15,'data mining','93.0',202,2),(263,15,'networks','95.0',203,2),(264,15,'microprocessors','94.0',204,2),(265,16,'data structures','89.0',201,2),(266,16,'data mining','72.0',202,2),(267,16,'networks','75.0',203,2),(268,16,'microprocessors','73.0',204,2),(269,17,'data structures','71.0',201,2),(270,17,'data mining','72.0',202,2),(271,17,'networks','77.0',203,2),(272,17,'microprocessors','65.0',204,2),(273,18,'data structures','65.0',201,2),(274,18,'data mining','77.0',202,2),(275,18,'networks','76.0',203,2),(276,18,'microprocessors','71.0',204,2),(277,19,'data structures','65.0',201,2),(278,19,'data mining','65.0',202,2),(279,19,'networks','75.0',203,2),(280,19,'microprocessors','73.0',204,2),(281,20,'data structures','18.0',201,2),(282,20,'data mining','10.0',202,2),(283,20,'networks','12.0',203,2),(284,20,'microprocessors','9.0',204,2),(285,21,'data structures','73.0',201,2),(286,21,'data mining','72.0',202,2),(287,21,'networks','71.0',203,2),(288,21,'microprocessors','65.0',204,2),(289,22,'data structures','76.0',201,2),(290,22,'data mining','81.0',202,2),(291,22,'networks','72.0',203,2),(292,22,'microprocessors','75.0',204,2),(293,23,'data structures','76.0',201,2),(294,23,'data mining','65.0',202,2),(295,23,'networks','77.0',203,2),(296,23,'microprocessors','73.0',204,2),(297,24,'data structures','65.0',201,2),(298,24,'data mining','72.0',202,2),(299,24,'networks','77.0',203,2),(300,24,'microprocessors','71.0',204,2),(301,25,'data structures','89.0',201,2),(302,25,'data mining','90.0',202,2),(303,25,'networks','90.0',203,2),(304,25,'microprocessors','91.0',204,2),(305,26,'data structures','80.0',201,2),(306,26,'data mining','76.0',202,2),(307,26,'networks','75.0',203,2),(308,26,'microprocessors','73.0',204,2),(309,27,'data structures','76.0',201,2),(310,27,'data mining','65.0',202,2),(311,27,'networks','77.0',203,2),(312,27,'microprocessors','71.0',204,2),(313,28,'data structures','77.0',201,2),(314,28,'data mining','71.0',202,2),(315,28,'networks','65.0',203,2),(316,28,'microprocessors','71.0',204,2),(317,29,'data structures','76.0',201,2),(318,29,'data mining','80.0',202,2),(319,29,'networks','81.0',203,2),(320,29,'microprocessors','84.0',204,2),(321,30,'data structures','10.0',201,2),(322,30,'data mining','18.0',202,2),(323,30,'networks','9.0',203,2),(324,30,'microprocessors','8.0',204,2),(325,31,'data structures','77.0',201,2),(326,31,'data mining','71.0',202,2),(327,31,'networks','71.0',203,2),(328,31,'microprocessors','76.0',204,2),(329,32,'data structures','81.0',201,2),(330,32,'data mining','84.0',202,2),(331,32,'networks','76.0',203,2),(332,32,'microprocessors','80.0',204,2),(333,33,'data structures','86.0',201,2),(334,33,'data mining','80.0',202,2),(335,33,'networks','72.0',203,2),(336,33,'microprocessors','65.0',204,2),(337,34,'data structures','65.0',201,2),(338,34,'data mining','73.0',202,2),(339,34,'networks','72.0',203,2),(340,34,'microprocessors','75.0',204,2),(341,35,'data structures','94.0',201,2),(342,35,'data mining','93.0',202,2),(343,35,'networks','95.0',203,2),(344,35,'microprocessors','96.0',204,2),(345,36,'data structures','76.0',201,2),(346,36,'data mining','65.0',202,2),(347,36,'networks','65.0',203,2),(348,36,'microprocessors','76.0',204,2),(349,37,'data structures','76.0',201,2),(350,37,'data mining','73.0',202,2),(351,37,'networks','73.0',203,2),(352,37,'microprocessors','72.0',204,2),(353,38,'data structures','71.0',201,2),(354,38,'data mining','77.0',202,2),(355,38,'networks','80.0',203,2),(356,38,'microprocessors','76.0',204,2),(357,39,'data structures','80.0',201,2),(358,39,'data mining','81.0',202,2),(359,39,'networks','72.0',203,2),(360,39,'microprocessors','75.0',204,2),(361,40,'data structures','10.0',201,2),(362,40,'data mining','9.0',202,2),(363,40,'networks','18.0',203,2),(364,40,'microprocessors','20.0',204,2),(365,41,'data structures','91.0',201,2),(366,41,'data mining','90.0',202,2),(367,41,'networks','95.0',203,2),(368,41,'microprocessors','96.0',204,2),(369,42,'data structures','75.0',201,2),(370,42,'data mining','65.0',202,2),(371,42,'networks','76.0',203,2),(372,42,'microprocessors','71.0',204,2),(373,43,'data structures','76.0',201,2),(374,43,'data mining','65.0',202,2),(375,43,'networks','65.0',203,2),(376,43,'microprocessors','77.0',204,2),(377,44,'data structures','77.0',201,2),(378,44,'data mining','73.0',202,2),(379,44,'networks','72.0',203,2),(380,44,'microprocessors','65.0',204,2),(381,45,'data structures','89.0',201,2),(382,45,'data mining','91.0',202,2),(383,45,'networks','95.0',203,2),(384,45,'microprocessors','96.0',204,2),(385,46,'data structures','75.0',201,2),(386,46,'data mining','65.0',202,2),(387,46,'networks','71.0',203,2),(388,46,'microprocessors','65.0',204,2),(389,47,'data structures','71.0',201,2),(390,47,'data mining','77.0',202,2),(391,47,'networks','72.0',203,2),(392,47,'microprocessors','65.0',204,2),(393,48,'data structures','65.0',201,2),(394,48,'data mining','65.0',202,2),(395,48,'networks','73.0',203,2),(396,48,'microprocessors','71.0',204,2),(397,49,'data structures','80.0',201,2),(398,49,'data mining','72.0',202,2),(399,49,'networks','75.0',203,2),(400,49,'microprocessors','76.0',204,2),(401,50,'data structures','6.0',201,2),(402,50,'data mining','12.0',202,2),(403,50,'networks','11.0',203,2),(404,50,'microprocessors','20.0',204,2),(405,51,'data structures','65.0',201,2),(406,51,'data mining','73.0',202,2),(407,51,'networks','75.0',203,2),(408,51,'microprocessors','71.0',204,2);
/*!40000 ALTER TABLE `student_marks` ENABLE KEYS */;
UNLOCK TABLES;

--
-- Table structure for table `student_questions`
--

DROP TABLE IF EXISTS `student_questions`;
/*!40101 SET @saved_cs_client     = @@character_set_client */;
/*!40101 SET character_set_client = utf8 */;
CREATE TABLE `student_questions` (
  `question_id` int(11) NOT NULL,
  `question_description` varchar(250) DEFAULT NULL,
  PRIMARY KEY (`question_id`)
) ENGINE=InnoDB DEFAULT CHARSET=utf8;
/*!40101 SET character_set_client = @saved_cs_client */;

--
-- Dumping data for table `student_questions`
--

LOCK TABLES `student_questions` WRITE;
/*!40000 ALTER TABLE `student_questions` DISABLE KEYS */;
INSERT INTO `student_questions` VALUES (1,'Does the idea of big data, algorithms thrill you?'),(2,'Are you interested in AI?'),(3,'Does animation and drawing interest you?'),(4,'Do you feel comfortable with software testing?'),(5,'Is protection of systems from being hacked your vision?');
/*!40000 ALTER TABLE `student_questions` ENABLE KEYS */;
UNLOCK TABLES;

--
-- Table structure for table `subject`
--

DROP TABLE IF EXISTS `subject`;
/*!40101 SET @saved_cs_client     = @@character_set_client */;
/*!40101 SET character_set_client = utf8 */;
CREATE TABLE `subject` (
  `subject_id` int(11) NOT NULL,
  `subject_name` varchar(45) DEFAULT NULL,
  `subject_code` varchar(45) DEFAULT NULL,
  PRIMARY KEY (`subject_id`)
) ENGINE=InnoDB DEFAULT CHARSET=utf8;
/*!40101 SET character_set_client = @saved_cs_client */;

--
-- Dumping data for table `subject`
--

LOCK TABLES `subject` WRITE;
/*!40000 ALTER TABLE `subject` DISABLE KEYS */;
INSERT INTO `subject` VALUES (1,'dbms','101'),(2,'os','102'),(3,'algo','103'),(4,'oops','104');
/*!40000 ALTER TABLE `subject` ENABLE KEYS */;
UNLOCK TABLES;

--
-- Table structure for table `teacher`
--

DROP TABLE IF EXISTS `teacher`;
/*!40101 SET @saved_cs_client     = @@character_set_client */;
/*!40101 SET character_set_client = utf8 */;
CREATE TABLE `teacher` (
  `teacher_id` int(11) NOT NULL AUTO_INCREMENT,
  `teacher_first_name` varchar(45) DEFAULT NULL,
  `teacher_last_name` varchar(45) DEFAULT NULL,
  `email` varchar(45) DEFAULT NULL,
  PRIMARY KEY (`teacher_id`)
) ENGINE=InnoDB AUTO_INCREMENT=53 DEFAULT CHARSET=utf8;
/*!40101 SET character_set_client = @saved_cs_client */;

--
-- Dumping data for table `teacher`
--

LOCK TABLES `teacher` WRITE;
/*!40000 ALTER TABLE `teacher` DISABLE KEYS */;
INSERT INTO `teacher` VALUES (52,'Adam','Williams','adam@cse.ssn.edu.in');
/*!40000 ALTER TABLE `teacher` ENABLE KEYS */;
UNLOCK TABLES;

--
-- Table structure for table `teacher_answers`
--

DROP TABLE IF EXISTS `teacher_answers`;
/*!40101 SET @saved_cs_client     = @@character_set_client */;
/*!40101 SET character_set_client = utf8 */;
CREATE TABLE `teacher_answers` (
  `id` int(11) NOT NULL AUTO_INCREMENT,
  `teacher_id` int(11) DEFAULT NULL,
  `student_id` int(11) DEFAULT NULL,
  `question_id` int(11) DEFAULT NULL,
  `question_description` varchar(250) DEFAULT NULL,
  `question_answer` varchar(45) DEFAULT NULL,
  PRIMARY KEY (`id`)
) ENGINE=InnoDB AUTO_INCREMENT=309 DEFAULT CHARSET=utf8;
/*!40101 SET character_set_client = @saved_cs_client */;

--
-- Dumping data for table `teacher_answers`
--

LOCK TABLES `teacher_answers` WRITE;
/*!40000 ALTER TABLE `teacher_answers` DISABLE KEYS */;
INSERT INTO `teacher_answers` VALUES (54,52,10,1,'Is the student having good attendance?','no'),(55,52,10,2,'Does the student pay attention during class hours?','no'),(56,52,10,3,'Does the student participate in discussions in the class?','no'),(57,52,10,4,'Does the student exhibit good knowledge of the subject?',NULL),(58,52,10,5,'Is the student irresponsible and reckless about his life?','no'),(59,52,31,1,'Is the student having good attendance?','yes'),(60,52,31,2,'Does the student pay attention during class hours?','no'),(61,52,31,3,'Does the student participate in discussions in the class?',NULL),(62,52,31,4,'Does the student exhibit good knowledge of the subject?',NULL),(63,52,31,5,'Is the student irresponsible and reckless about his life?',NULL),(64,52,15,1,'Is the student having good attendance?','no'),(65,52,15,2,'Does the student pay attention during class hours?','yes'),(66,52,15,3,'Does the student participate in discussions in the class?','yes'),(67,52,15,4,'Does the student exhibit good knowledge of the subject?','no'),(68,52,15,5,'Is the student irresponsible and reckless about his life?','no'),(69,52,7,1,'Is the student having good attendance?',NULL),(70,52,7,2,'Does the student pay attention during class hours?',NULL),(71,52,7,3,'Does the student participate in discussions in the class?',NULL),(72,52,7,4,'Does the student exhibit good knowledge of the subject?',NULL),(73,52,7,5,'Is the student irresponsible and reckless about his life?',NULL),(74,52,28,1,'Is the student having good attendance?','no'),(75,52,28,2,'Does the student pay attention during class hours?','no'),(76,52,28,3,'Does the student participate in discussions in the class?','no'),(77,52,28,4,'Does the student exhibit good knowledge of the subject?',NULL),(78,52,28,5,'Is the student irresponsible and reckless about his life?',NULL),(79,52,32,1,'Is the student having good attendance?',NULL),(80,52,32,2,'Does the student pay attention during class hours?',NULL),(81,52,32,3,'Does the student participate in discussions in the class?',NULL),(82,52,32,4,'Does the student exhibit good knowledge of the subject?',NULL),(83,52,32,5,'Is the student irresponsible and reckless about his life?',NULL),(84,52,23,1,'Is the student having good attendance?',NULL),(85,52,23,2,'Does the student pay attention during class hours?',NULL),(86,52,23,3,'Does the student participate in discussions in the class?',NULL),(87,52,23,4,'Does the student exhibit good knowledge of the subject?',NULL),(88,52,23,5,'Is the student irresponsible and reckless about his life?',NULL),(89,52,22,1,'Is the student having good attendance?',NULL),(90,52,22,2,'Does the student pay attention during class hours?',NULL),(91,52,22,3,'Does the student participate in discussions in the class?',NULL),(92,52,22,4,'Does the student exhibit good knowledge of the subject?',NULL),(93,52,22,5,'Is the student irresponsible and reckless about his life?',NULL),(94,52,2,1,'Is the student having good attendance?',NULL),(95,52,2,2,'Does the student pay attention during class hours?',NULL),(96,52,2,3,'Does the student participate in discussions in the class?',NULL),(97,52,2,4,'Does the student exhibit good knowledge of the subject?',NULL),(98,52,2,5,'Is the student irresponsible and reckless about his life?',NULL),(99,52,24,1,'Is the student having good attendance?',NULL),(100,52,24,2,'Does the student pay attention during class hours?',NULL),(101,52,24,3,'Does the student participate in discussions in the class?',NULL),(102,52,24,4,'Does the student exhibit good knowledge of the subject?',NULL),(103,52,24,5,'Is the student irresponsible and reckless about his life?',NULL),(104,52,12,1,'Is the student having good attendance?','yes'),(105,52,12,2,'Does the student pay attention during class hours?','no'),(106,52,12,3,'Does the student participate in discussions in the class?','no'),(107,52,12,4,'Does the student exhibit good knowledge of the subject?','yes'),(108,52,12,5,'Is the student irresponsible and reckless about his life?',NULL),(109,52,11,1,'Is the student having good attendance?',NULL),(110,52,11,2,'Does the student pay attention during class hours?',NULL),(111,52,11,3,'Does the student participate in discussions in the class?',NULL),(112,52,11,4,'Does the student exhibit good knowledge of the subject?',NULL),(113,52,11,5,'Is the student irresponsible and reckless about his life?',NULL),(114,52,46,1,'Is the student having good attendance?',NULL),(115,52,46,2,'Does the student pay attention during class hours?',NULL),(116,52,46,3,'Does the student participate in discussions in the class?',NULL),(117,52,46,4,'Does the student exhibit good knowledge of the subject?',NULL),(118,52,46,5,'Is the student irresponsible and reckless about his life?',NULL),(119,52,42,1,'Is the student having good attendance?',NULL),(120,52,42,2,'Does the student pay attention during class hours?',NULL),(121,52,42,3,'Does the student participate in discussions in the class?',NULL),(122,52,42,4,'Does the student exhibit good knowledge of the subject?',NULL),(123,52,42,5,'Is the student irresponsible and reckless about his life?',NULL),(124,52,18,1,'Is the student having good attendance?',NULL),(125,52,18,2,'Does the student pay attention during class hours?',NULL),(126,52,18,3,'Does the student participate in discussions in the class?',NULL),(127,52,18,4,'Does the student exhibit good knowledge of the subject?',NULL),(128,52,18,5,'Is the student irresponsible and reckless about his life?',NULL),(129,52,38,1,'Is the student having good attendance?',NULL),(130,52,38,2,'Does the student pay attention during class hours?',NULL),(131,52,38,3,'Does the student participate in discussions in the class?',NULL),(132,52,38,4,'Does the student exhibit good knowledge of the subject?',NULL),(133,52,38,5,'Is the student irresponsible and reckless about his life?',NULL),(134,52,37,1,'Is the student having good attendance?',NULL),(135,52,37,2,'Does the student pay attention during class hours?',NULL),(136,52,37,3,'Does the student participate in discussions in the class?',NULL),(137,52,37,4,'Does the student exhibit good knowledge of the subject?',NULL),(138,52,37,5,'Is the student irresponsible and reckless about his life?',NULL),(139,52,26,1,'Is the student having good attendance?',NULL),(140,52,26,2,'Does the student pay attention during class hours?',NULL),(141,52,26,3,'Does the student participate in discussions in the class?',NULL),(142,52,26,4,'Does the student exhibit good knowledge of the subject?',NULL),(143,52,26,5,'Is the student irresponsible and reckless about his life?',NULL),(144,52,17,1,'Is the student having good attendance?',NULL),(145,52,17,2,'Does the student pay attention during class hours?',NULL),(146,52,17,3,'Does the student participate in discussions in the class?',NULL),(147,52,17,4,'Does the student exhibit good knowledge of the subject?',NULL),(148,52,17,5,'Is the student irresponsible and reckless about his life?',NULL),(149,52,29,1,'Is the student having good attendance?',NULL),(150,52,29,2,'Does the student pay attention during class hours?',NULL),(151,52,29,3,'Does the student participate in discussions in the class?',NULL),(152,52,29,4,'Does the student exhibit good knowledge of the subject?',NULL),(153,52,29,5,'Is the student irresponsible and reckless about his life?',NULL),(154,52,44,1,'Is the student having good attendance?','yes'),(155,52,44,2,'Does the student pay attention during class hours?','no'),(156,52,44,3,'Does the student participate in discussions in the class?','yes'),(157,52,44,4,'Does the student exhibit good knowledge of the subject?',NULL),(158,52,44,5,'Is the student irresponsible and reckless about his life?',NULL),(159,52,43,1,'Is the student having good attendance?',NULL),(160,52,43,2,'Does the student pay attention during class hours?',NULL),(161,52,43,3,'Does the student participate in discussions in the class?',NULL),(162,52,43,4,'Does the student exhibit good knowledge of the subject?',NULL),(163,52,43,5,'Is the student irresponsible and reckless about his life?',NULL),(164,52,3,1,'Is the student having good attendance?',NULL),(165,52,3,2,'Does the student pay attention during class hours?',NULL),(166,52,3,3,'Does the student participate in discussions in the class?',NULL),(167,52,3,4,'Does the student exhibit good knowledge of the subject?',NULL),(168,52,3,5,'Is the student irresponsible and reckless about his life?',NULL),(169,52,45,1,'Is the student having good attendance?',NULL),(170,52,45,2,'Does the student pay attention during class hours?',NULL),(171,52,45,3,'Does the student participate in discussions in the class?',NULL),(172,52,45,4,'Does the student exhibit good knowledge of the subject?',NULL),(173,52,45,5,'Is the student irresponsible and reckless about his life?',NULL),(174,52,25,1,'Is the student having good attendance?',NULL),(175,52,25,2,'Does the student pay attention during class hours?',NULL),(176,52,25,3,'Does the student participate in discussions in the class?',NULL),(177,52,25,4,'Does the student exhibit good knowledge of the subject?',NULL),(178,52,25,5,'Is the student irresponsible and reckless about his life?',NULL),(179,52,49,1,'Is the student having good attendance?',NULL),(180,52,49,2,'Does the student pay attention during class hours?',NULL),(181,52,49,3,'Does the student participate in discussions in the class?',NULL),(182,52,49,4,'Does the student exhibit good knowledge of the subject?',NULL),(183,52,49,5,'Is the student irresponsible and reckless about his life?',NULL),(184,52,39,1,'Is the student having good attendance?',NULL),(185,52,39,2,'Does the student pay attention during class hours?',NULL),(186,52,39,3,'Does the student participate in discussions in the class?',NULL),(187,52,39,4,'Does the student exhibit good knowledge of the subject?',NULL),(188,52,39,5,'Is the student irresponsible and reckless about his life?',NULL),(189,52,33,1,'Is the student having good attendance?',NULL),(190,52,33,2,'Does the student pay attention during class hours?',NULL),(191,52,33,3,'Does the student participate in discussions in the class?',NULL),(192,52,33,4,'Does the student exhibit good knowledge of the subject?',NULL),(193,52,33,5,'Is the student irresponsible and reckless about his life?',NULL),(194,52,48,1,'Is the student having good attendance?',NULL),(195,52,48,2,'Does the student pay attention during class hours?',NULL),(196,52,48,3,'Does the student participate in discussions in the class?',NULL),(197,52,48,4,'Does the student exhibit good knowledge of the subject?',NULL),(198,52,48,5,'Is the student irresponsible and reckless about his life?',NULL),(199,52,35,1,'Is the student having good attendance?',NULL),(200,52,35,2,'Does the student pay attention during class hours?',NULL),(201,52,35,3,'Does the student participate in discussions in the class?',NULL),(202,52,35,4,'Does the student exhibit good knowledge of the subject?',NULL),(203,52,35,5,'Is the student irresponsible and reckless about his life?',NULL),(204,52,20,1,'Is the student having good attendance?',NULL),(205,52,20,2,'Does the student pay attention during class hours?',NULL),(206,52,20,3,'Does the student participate in discussions in the class?',NULL),(207,52,20,4,'Does the student exhibit good knowledge of the subject?',NULL),(208,52,20,5,'Is the student irresponsible and reckless about his life?',NULL),(209,52,51,1,'Is the student having good attendance?',NULL),(210,52,51,2,'Does the student pay attention during class hours?',NULL),(211,52,51,3,'Does the student participate in discussions in the class?',NULL),(212,52,51,4,'Does the student exhibit good knowledge of the subject?',NULL),(213,52,51,5,'Is the student irresponsible and reckless about his life?',NULL),(214,52,30,1,'Is the student having good attendance?',NULL),(215,52,30,2,'Does the student pay attention during class hours?',NULL),(216,52,30,3,'Does the student participate in discussions in the class?',NULL),(217,52,30,4,'Does the student exhibit good knowledge of the subject?',NULL),(218,52,30,5,'Is the student irresponsible and reckless about his life?',NULL),(219,52,36,1,'Is the student having good attendance?',NULL),(220,52,36,2,'Does the student pay attention during class hours?',NULL),(221,52,36,3,'Does the student participate in discussions in the class?',NULL),(222,52,36,4,'Does the student exhibit good knowledge of the subject?',NULL),(223,52,36,5,'Is the student irresponsible and reckless about his life?',NULL),(224,52,47,1,'Is the student having good attendance?',NULL),(225,52,47,2,'Does the student pay attention during class hours?',NULL),(226,52,47,3,'Does the student participate in discussions in the class?',NULL),(227,52,47,4,'Does the student exhibit good knowledge of the subject?',NULL),(228,52,47,5,'Is the student irresponsible and reckless about his life?',NULL),(229,52,8,1,'Is the student having good attendance?',NULL),(230,52,8,2,'Does the student pay attention during class hours?',NULL),(231,52,8,3,'Does the student participate in discussions in the class?',NULL),(232,52,8,4,'Does the student exhibit good knowledge of the subject?',NULL),(233,52,8,5,'Is the student irresponsible and reckless about his life?',NULL),(234,52,40,1,'Is the student having good attendance?',NULL),(235,52,40,2,'Does the student pay attention during class hours?',NULL),(236,52,40,3,'Does the student participate in discussions in the class?',NULL),(237,52,40,4,'Does the student exhibit good knowledge of the subject?',NULL),(238,52,40,5,'Is the student irresponsible and reckless about his life?',NULL),(239,52,4,1,'Is the student having good attendance?',NULL),(240,52,4,2,'Does the student pay attention during class hours?',NULL),(241,52,4,3,'Does the student participate in discussions in the class?',NULL),(242,52,4,4,'Does the student exhibit good knowledge of the subject?',NULL),(243,52,4,5,'Is the student irresponsible and reckless about his life?',NULL),(244,52,9,1,'Is the student having good attendance?',NULL),(245,52,9,2,'Does the student pay attention during class hours?',NULL),(246,52,9,3,'Does the student participate in discussions in the class?',NULL),(247,52,9,4,'Does the student exhibit good knowledge of the subject?',NULL),(248,52,9,5,'Is the student irresponsible and reckless about his life?',NULL),(249,52,16,1,'Is the student having good attendance?',NULL),(250,52,16,2,'Does the student pay attention during class hours?',NULL),(251,52,16,3,'Does the student participate in discussions in the class?',NULL),(252,52,16,4,'Does the student exhibit good knowledge of the subject?',NULL),(253,52,16,5,'Is the student irresponsible and reckless about his life?',NULL),(254,52,50,1,'Is the student having good attendance?',NULL),(255,52,50,2,'Does the student pay attention during class hours?',NULL),(256,52,50,3,'Does the student participate in discussions in the class?',NULL),(257,52,50,4,'Does the student exhibit good knowledge of the subject?',NULL),(258,52,50,5,'Is the student irresponsible and reckless about his life?',NULL),(259,52,41,1,'Is the student having good attendance?',NULL),(260,52,41,2,'Does the student pay attention during class hours?',NULL),(261,52,41,3,'Does the student participate in discussions in the class?',NULL),(262,52,41,4,'Does the student exhibit good knowledge of the subject?',NULL),(263,52,41,5,'Is the student irresponsible and reckless about his life?',NULL),(264,52,21,1,'Is the student having good attendance?','yes'),(265,52,21,2,'Does the student pay attention during class hours?','yes'),(266,52,21,3,'Does the student participate in discussions in the class?','yes'),(267,52,21,4,'Does the student exhibit good knowledge of the subject?','yes'),(268,52,21,5,'Is the student irresponsible and reckless about his life?','no'),(269,52,13,1,'Is the student having good attendance?',NULL),(270,52,13,2,'Does the student pay attention during class hours?',NULL),(271,52,13,3,'Does the student participate in discussions in the class?',NULL),(272,52,13,4,'Does the student exhibit good knowledge of the subject?',NULL),(273,52,13,5,'Is the student irresponsible and reckless about his life?',NULL),(274,52,5,1,'Is the student having good attendance?',NULL),(275,52,5,2,'Does the student pay attention during class hours?',NULL),(276,52,5,3,'Does the student participate in discussions in the class?',NULL),(277,52,5,4,'Does the student exhibit good knowledge of the subject?',NULL),(278,52,5,5,'Is the student irresponsible and reckless about his life?',NULL),(279,52,14,1,'Is the student having good attendance?',NULL),(280,52,14,2,'Does the student pay attention during class hours?',NULL),(281,52,14,3,'Does the student participate in discussions in the class?',NULL),(282,52,14,4,'Does the student exhibit good knowledge of the subject?',NULL),(283,52,14,5,'Is the student irresponsible and reckless about his life?',NULL),(284,52,1,1,'Is the student having good attendance?','yes'),(285,52,1,2,'Does the student pay attention during class hours?','yes'),(286,52,1,3,'Does the student participate in discussions in the class?','yes'),(287,52,1,4,'Does the student exhibit good knowledge of the subject?','no'),(288,52,1,5,'Is the student irresponsible and reckless about his life?','yes'),(289,52,27,1,'Is the student having good attendance?',NULL),(290,52,27,2,'Does the student pay attention during class hours?',NULL),(291,52,27,3,'Does the student participate in discussions in the class?',NULL),(292,52,27,4,'Does the student exhibit good knowledge of the subject?',NULL),(293,52,27,5,'Is the student irresponsible and reckless about his life?',NULL),(294,52,19,1,'Is the student having good attendance?',NULL),(295,52,19,2,'Does the student pay attention during class hours?',NULL),(296,52,19,3,'Does the student participate in discussions in the class?',NULL),(297,52,19,4,'Does the student exhibit good knowledge of the subject?',NULL),(298,52,19,5,'Is the student irresponsible and reckless about his life?',NULL),(299,52,6,1,'Is the student having good attendance?',NULL),(300,52,6,2,'Does the student pay attention during class hours?',NULL),(301,52,6,3,'Does the student participate in discussions in the class?',NULL),(302,52,6,4,'Does the student exhibit good knowledge of the subject?',NULL),(303,52,6,5,'Is the student irresponsible and reckless about his life?',NULL),(304,52,34,1,'Is the student having good attendance?',NULL),(305,52,34,2,'Does the student pay attention during class hours?',NULL),(306,52,34,3,'Does the student participate in discussions in the class?',NULL),(307,52,34,4,'Does the student exhibit good knowledge of the subject?',NULL),(308,52,34,5,'Is the student irresponsible and reckless about his life?',NULL);
/*!40000 ALTER TABLE `teacher_answers` ENABLE KEYS */;
UNLOCK TABLES;

--
-- Table structure for table `teacher_questions`
--

DROP TABLE IF EXISTS `teacher_questions`;
/*!40101 SET @saved_cs_client     = @@character_set_client */;
/*!40101 SET character_set_client = utf8 */;
CREATE TABLE `teacher_questions` (
  `question_id` int(11) NOT NULL,
  `question_description` varchar(250) DEFAULT NULL,
  PRIMARY KEY (`question_id`)
) ENGINE=InnoDB DEFAULT CHARSET=utf8;
/*!40101 SET character_set_client = @saved_cs_client */;

--
-- Dumping data for table `teacher_questions`
--

LOCK TABLES `teacher_questions` WRITE;
/*!40000 ALTER TABLE `teacher_questions` DISABLE KEYS */;
INSERT INTO `teacher_questions` VALUES (1,'Is the student having good attendance?'),(2,'Does the student pay attention during class hours?'),(3,'Does the student participate in discussions in the class?'),(4,'Does the student exhibit good knowledge of the subject?'),(5,'Is the student irresponsible and reckless about his life?');
/*!40000 ALTER TABLE `teacher_questions` ENABLE KEYS */;
UNLOCK TABLES;

--
-- Table structure for table `user`
--

DROP TABLE IF EXISTS `user`;
/*!40101 SET @saved_cs_client     = @@character_set_client */;
/*!40101 SET character_set_client = utf8 */;
CREATE TABLE `user` (
  `user_id` int(11) NOT NULL AUTO_INCREMENT,
  `email` varchar(45) DEFAULT NULL,
  `password` varchar(45) DEFAULT NULL,
  `role_name` varchar(45) DEFAULT NULL,
  PRIMARY KEY (`user_id`)
) ENGINE=InnoDB AUTO_INCREMENT=54 DEFAULT CHARSET=utf8;
/*!40101 SET character_set_client = @saved_cs_client */;

--
-- Dumping data for table `user`
--

LOCK TABLES `user` WRITE;
/*!40000 ALTER TABLE `user` DISABLE KEYS */;
INSERT INTO `user` VALUES (1,'sunil756100@cse.ssn.edu.in','sunil100','student'),(2,'arpitha756101@cse.ssn.edu.in','arpitha101','student'),(3,'malar756102@cse.ssn.edu.in','malar102','student'),(4,'reena756103@cse.ssn.edu.in','reena103','student'),(5,'sneh756104@cse.ssn.edu.in','sneh104','student'),(6,'vineetha756105@cse.ssn.edu.in','vineetha105','student'),(7,'andhya756106@cse.ssn.edu.in','andhya106','student'),(8,'rajeev756107@cse.ssn.edu.in','rajeev107','student'),(9,'rochna756108@cse.ssn.edu.in','rochna108','student'),(10,'abhi756109@cse.ssn.edu.in','abhi109','student'),(11,'dhivya756110@cse.ssn.edu.in','dhivya110','student'),(12,'ash@yopmail.com','test123','student'),(13,'shyama756112@cse.ssn.edu.in','shayam112','student'),(14,'sujatha756113@cse.ssn.edu.in','sujatha113','student'),(15,'adhvathi756114@cse.ssn.edu.in','adhvathi114','student'),(16,'sanjana756115@cse.ssn.edu.in','sanjana115','student'),(17,'kanjari756116@cse.ssn.edu.in','kanjari116','student'),(18,'hardeep756117@cse.ssn.edu.in','hardeep117','student'),(19,'vijay756118@cse.ssn.edu.in','vijay118','student'),(20,'panini756119@cse.ssn.edu.in','panini119','student'),(21,'geetika16032@cse.ssn.edu.in','geetika120','student'),(22,'arpit756121@cse.ssn.edu.in','arpit121','student'),(23,'arjith756122@cse.ssn.edu.in','arjith122','student'),(24,'chand756123@cse.ssn.edu.in','chand123','student'),(25,'meegal756124@cse.ssn.edu.in','meegal124','student'),(26,'jyothi75612@cse.ssn.edu.in','jyothi125','student'),(27,'uma756126@cse.ssn.edu.in','uma126','student'),(28,'anu756127@cse.ssn.edu.in','anu127','student'),(29,'keshav756128@cse.ssn.edu.in','keshav128','student'),(30,'prashath756129@cse.ssn.edu.in','prasath129','student'),(31,'adhithya756130@cse.ssn.edu.in','adhthiya130','student'),(32,'anuragh756131@cse.ssn.edu.in','anuragh131','student'),(33,'mohan756132@cse.ssn.edu.in','mohan132','student'),(34,'yashav756133@cse.ssn.edu.in','yashav133','student'),(35,'palak756134@cse.ssn.edu.in','palak134','student'),(36,'priya756135@cse.ssn.edu.in','priya135','student'),(37,'jayanthi756136@cse.ssn.edu.in','jayanthi136','student'),(38,'jayanth756137@cse.ssn.edu.in','jayanth137','student'),(39,'mehal756138@cse.ssn.edu.in','mehal138','student'),(40,'ranjan756139@cse.ssn.edu.in','ranjan139','student'),(41,'sharath56140@cse.ssn.edu.in','sharath140','student'),(42,'gowri756141@cse.ssn.edu.in','gowri141','student'),(43,'lavanya56142@cse.ssn.edu.in','lavanya142','student'),(44,'krishnan56143@cse.ssn.edu.in','krishnan143','student'),(45,'manas756144@cse.ssn.edu.in','manas144','student'),(46,'easwar561450@cse.ssn.edu.in','easwar145','student'),(47,'raghu756146@cse.ssn.edu.in','raghu146','student'),(48,'neha56147@cse.ssn.edu.in','neha147','student'),(49,'meena756148@cse.ssn.edu.in','meena148','student'),(50,'seetha56149@cse.ssn.edu.in','seetha149','student'),(51,'parvathi756150@cse.ssn.edu.in','parvathi150','student'),(52,'adam@cse.ssn.edu.in','adam123','teacher'),(53,'admin@ssn.edu.in','admin','institute');
/*!40000 ALTER TABLE `user` ENABLE KEYS */;
UNLOCK TABLES;
/*!40103 SET TIME_ZONE=@OLD_TIME_ZONE */;

/*!40101 SET SQL_MODE=@OLD_SQL_MODE */;
/*!40014 SET FOREIGN_KEY_CHECKS=@OLD_FOREIGN_KEY_CHECKS */;
/*!40014 SET UNIQUE_CHECKS=@OLD_UNIQUE_CHECKS */;
/*!40101 SET CHARACTER_SET_CLIENT=@OLD_CHARACTER_SET_CLIENT */;
/*!40101 SET CHARACTER_SET_RESULTS=@OLD_CHARACTER_SET_RESULTS */;
/*!40101 SET COLLATION_CONNECTION=@OLD_COLLATION_CONNECTION */;
/*!40111 SET SQL_NOTES=@OLD_SQL_NOTES */;

-- Dump completed on 2018-04-04 20:42:07
